-- phpMyAdmin SQL Dump
-- version 5.0.1
-- https://www.phpmyadmin.net/
--
-- Host: localhost
-- Generation Time: Mar 12, 2020 at 09:44 PM
-- Server version: 10.4.11-MariaDB
-- PHP Version: 7.4.1

SET SQL_MODE = "NO_AUTO_VALUE_ON_ZERO";
SET AUTOCOMMIT = 0;
START TRANSACTION;
SET time_zone = "+00:00";


/*!40101 SET @OLD_CHARACTER_SET_CLIENT=@@CHARACTER_SET_CLIENT */;
/*!40101 SET @OLD_CHARACTER_SET_RESULTS=@@CHARACTER_SET_RESULTS */;
/*!40101 SET @OLD_COLLATION_CONNECTION=@@COLLATION_CONNECTION */;
/*!40101 SET NAMES utf8mb4 */;

--
-- Database: `mutall_pos`
--

-- --------------------------------------------------------

--
-- Table structure for table `auth`
--

CREATE TABLE `auth` (
  `auth` int(11) NOT NULL,
  `secret` varchar(50) NOT NULL,
  `password` varchar(75) NOT NULL,
  `level` varchar(20) NOT NULL,
  `staff` int(11) NOT NULL,
  `created_at` timestamp NOT NULL DEFAULT current_timestamp(),
  `updated_at` timestamp NOT NULL DEFAULT current_timestamp() ON UPDATE current_timestamp()
) ENGINE=InnoDB DEFAULT CHARSET=latin1;

-- --------------------------------------------------------

--
-- Table structure for table `business`
--

CREATE TABLE `business` (
  `business` int(11) NOT NULL,
  `name` varchar(255) COLLATE utf8mb4_unicode_ci DEFAULT NULL,
  `address` varchar(255) COLLATE utf8mb4_unicode_ci DEFAULT NULL,
  `location` varchar(255) COLLATE utf8mb4_unicode_ci DEFAULT NULL,
  `telephone` varchar(255) COLLATE utf8mb4_unicode_ci DEFAULT NULL,
  `owner` int(10) DEFAULT NULL,
  `created_at` timestamp NOT NULL DEFAULT current_timestamp(),
  `updated_at` timestamp NOT NULL DEFAULT current_timestamp() ON UPDATE current_timestamp(),
  `image` int(11) DEFAULT NULL
) ENGINE=InnoDB DEFAULT CHARSET=utf8mb4 COLLATE=utf8mb4_unicode_ci;

--
-- Dumping data for table `business`
--

INSERT INTO `business` (`business`, `name`, `address`, `location`, `telephone`, `owner`, `created_at`, `updated_at`, `image`) VALUES
(6, 'ChicJoint Bar and Grill', NULL, NULL, NULL, 5, '2020-03-11 11:33:03', '2020-03-11 11:33:03', NULL);

-- --------------------------------------------------------

--
-- Table structure for table `category`
--

CREATE TABLE `category` (
  `category` int(11) NOT NULL,
  `name` varchar(50) NOT NULL,
  `created_at` timestamp NOT NULL DEFAULT current_timestamp(),
  `updated_at` timestamp NOT NULL DEFAULT current_timestamp() ON UPDATE current_timestamp()
) ENGINE=InnoDB DEFAULT CHARSET=latin1;

--
-- Dumping data for table `category`
--

INSERT INTO `category` (`category`, `name`, `created_at`, `updated_at`) VALUES
(1, 'BEERS', '2020-03-11 12:06:02', '2020-03-11 12:06:02'),
(2, 'WINES/SPIRITS', '2020-03-11 12:06:02', '2020-03-11 12:06:02'),
(3, 'SOFT DRINKS', '2020-03-11 12:07:57', '2020-03-11 12:07:57'),
(4, 'CIGARETTES', '2020-03-11 12:07:57', '2020-03-11 12:07:57'),
(5, 'CARDS', '2020-03-11 12:07:57', '2020-03-11 12:07:57'),
(6, 'TOTS', '2020-03-11 12:07:57', '2020-03-11 12:07:57'),
(7, 'MISC', '2020-03-11 12:07:57', '2020-03-11 12:07:57');

-- --------------------------------------------------------

--
-- Table structure for table `image`
--

CREATE TABLE `image` (
  `image` int(11) NOT NULL,
  `name` varchar(50) NOT NULL,
  `created_at` timestamp NOT NULL DEFAULT current_timestamp(),
  `updated_at` timestamp NOT NULL DEFAULT current_timestamp() ON UPDATE current_timestamp()
) ENGINE=InnoDB DEFAULT CHARSET=latin1;

--
-- Dumping data for table `image`
--

INSERT INTO `image` (`image`, `name`, `created_at`, `updated_at`) VALUES
(1, 'alvaro2.jpg', '2020-03-11 11:01:17', '2020-03-11 11:01:17'),
(2, 'amarula.jpg', '2020-03-11 11:01:17', '2020-03-11 11:01:17'),
(3, 'balozi.jpg', '2020-03-11 11:01:17', '2020-03-11 11:01:17'),
(4, 'baron_white.jpg', '2020-03-11 11:01:17', '2020-03-11 11:01:17'),
(5, 'best_whissky.jpg', '2020-03-11 11:01:17', '2020-03-11 11:01:17'),
(6, '4_cousins.jpg', '2020-03-11 11:01:17', '2020-03-11 11:01:17'),
(7, 'blac_label.jpg', '2020-03-11 11:01:17', '2020-03-11 11:01:17'),
(8, 'camino.jpg', '2020-03-11 11:01:17', '2020-03-11 11:01:17'),
(9, 'cape_wine.jpg', '2020-03-11 11:01:17', '2020-03-11 11:01:17'),
(10, 'caprice.jpg', '2020-03-11 11:01:17', '2020-03-11 11:01:17'),
(11, 'captain_morgan.jpg', '2020-03-11 11:01:17', '2020-03-11 11:01:17'),
(12, 'chamdor.jpg', '2020-03-11 11:01:17', '2020-03-11 11:01:17'),
(13, 'chivas.jpg', '2020-03-11 11:01:17', '2020-03-11 11:01:17'),
(14, 'coke_zero.jpg', '2020-03-11 11:01:17', '2020-03-11 11:01:17'),
(15, 'carvoisier.jpg', '2020-03-11 11:01:17', '2020-03-11 11:01:17'),
(16, 'delmonte.png', '2020-03-11 11:01:18', '2020-03-11 11:01:18'),
(17, 'drosty_hof.jpg', '2020-03-11 11:01:18', '2020-03-11 11:01:18'),
(18, 'dry_wine.jpg', '2020-03-11 11:01:18', '2020-03-11 11:01:18'),
(19, 'dunhill.jpg', '2020-03-11 11:01:18', '2020-03-11 11:01:18'),
(20, 'embassy_cigaretts.jpg', '2020-03-11 11:01:18', '2020-03-11 11:01:18'),
(21, 'famous_groude.jpg', '2020-03-11 11:01:18', '2020-03-11 11:01:18'),
(22, 'gilbeys2.jpg', '2020-03-11 11:01:18', '2020-03-11 11:01:18'),
(23, 'glenfidich.jpg', '2020-03-11 11:01:18', '2020-03-11 11:01:18'),
(24, 'gordons.jpg', '2020-03-11 11:01:18', '2020-03-11 11:01:18'),
(25, 'grants.jpg', '2020-03-11 11:01:18', '2020-03-11 11:01:18'),
(26, 'guiness_black_kubwa.jpg', '2020-03-11 11:01:18', '2020-03-11 11:01:18'),
(27, 'guines_kubwa_can.jpg', '2020-03-11 11:01:18', '2020-03-11 11:01:18'),
(28, 'heieken.jpg', '2020-03-11 11:01:18', '2020-03-11 11:01:18'),
(29, 'henneysy_vsoop.jpg', '2020-03-11 11:01:18', '2020-03-11 11:01:18'),
(30, 'horizon_wine.jpg', '2020-03-11 11:01:18', '2020-03-11 11:01:18'),
(31, 'hunters.jpg', '2020-03-11 11:01:18', '2020-03-11 11:01:18'),
(32, 'j&b.jpg', '2020-03-11 11:01:18', '2020-03-11 11:01:18'),
(33, 'jack_daniels.jpg', '2020-03-11 11:01:18', '2020-03-11 11:01:18'),
(34, 'jameson.jpg', '2020-03-11 11:01:18', '2020-03-11 11:01:18'),
(35, 'jegermister.jpg', '2020-03-11 11:01:18', '2020-03-11 11:01:18'),
(36, 'johnnie_walker.jpg', '2020-03-11 11:01:18', '2020-03-11 11:01:18'),
(37, 'kwv_brandy.jpg', '2020-03-11 11:01:18', '2020-03-11 11:01:18'),
(38, 'kwv_white2.jpg', '2020-03-11 11:01:18', '2020-03-11 11:01:18'),
(39, 'kwv_white.jpg', '2020-03-11 11:01:18', '2020-03-11 11:01:18'),
(40, 'kenya_cane.jpg', '2020-03-11 11:01:18', '2020-03-11 11:01:18'),
(41, 'keringet_1.5l.jpg', '2020-03-11 11:01:19', '2020-03-11 11:01:19'),
(42, 'keringet_1l.jpg', '2020-03-11 11:01:19', '2020-03-11 11:01:19'),
(43, 'kibao.jpg', '2020-03-11 11:01:19', '2020-03-11 11:01:19'),
(44, 'martel.jpg', '2020-03-11 11:01:19', '2020-03-11 11:01:19'),
(45, 'nederburg.jpg', '2020-03-11 11:01:19', '2020-03-11 11:01:19'),
(46, 'panadol.jpg', '2020-03-11 11:01:19', '2020-03-11 11:01:19'),
(47, 'passport.jpg', '2020-03-11 11:01:19', '2020-03-11 11:01:19'),
(48, 'penasol_bottle.jpg', '2020-03-11 11:01:19', '2020-03-11 11:01:19'),
(49, 'pilsner2.jpg', '2020-03-11 11:01:19', '2020-03-11 11:01:19'),
(50, 'popov.jpg', '2020-03-11 11:01:19', '2020-03-11 11:01:19'),
(51, 'pushkin.jpg', '2020-03-11 11:01:19', '2020-03-11 11:01:19'),
(52, 'redbull.jpg', '2020-03-11 11:01:19', '2020-03-11 11:01:19'),
(53, 'remy.jpg', '2020-03-11 11:01:19', '2020-03-11 11:01:19'),
(54, 'remy_martii.jpg', '2020-03-11 11:01:19', '2020-03-11 11:01:19'),
(55, 'richot.jpg', '2020-03-11 11:01:19', '2020-03-11 11:01:19'),
(56, 'sm.jpg', '2020-03-11 11:01:19', '2020-03-11 11:01:19'),
(57, 'salama_cond.jpg', '2020-03-11 11:01:19', '2020-03-11 11:01:19'),
(58, 'single_tons.jpg', '2020-03-11 11:01:19', '2020-03-11 11:01:19'),
(59, 'smirnoff_ice_black.jpg', '2020-03-11 11:01:19', '2020-03-11 11:01:19'),
(60, 'smirnoff_ice_green.jpg', '2020-03-11 11:01:19', '2020-03-11 11:01:19'),
(61, 'soda.jpg', '2020-03-11 11:01:19', '2020-03-11 11:01:19'),
(62, 'sportman.jpg', '2020-03-11 11:01:19', '2020-03-11 11:01:19'),
(63, 'st.celine.jpg', '2020-03-11 11:01:19', '2020-03-11 11:01:19'),
(64, 'summit_lager.jpg', '2020-03-11 11:01:19', '2020-03-11 11:01:19'),
(65, 'tia_maria.jpg', '2020-03-11 11:01:19', '2020-03-11 11:01:19'),
(66, 'tubog.jpg', '2020-03-11 11:01:19', '2020-03-11 11:01:19'),
(67, 'tusker_can.jpg', '2020-03-11 11:01:20', '2020-03-11 11:01:20'),
(68, 'tuskcid.jpg', '2020-03-11 11:01:20', '2020-03-11 11:01:20'),
(69, 'tusker_malt.jpg', '2020-03-11 11:01:20', '2020-03-11 11:01:20'),
(70, 'tusker_lite.jpg', '2020-03-11 11:01:20', '2020-03-11 11:01:20'),
(71, 'tusker.jpg', '2020-03-11 11:01:20', '2020-03-11 11:01:20'),
(72, 'valley_wine.jpg', '2020-03-11 11:01:20', '2020-03-11 11:01:20'),
(73, 'vat_69.jpg', '2020-03-11 11:01:20', '2020-03-11 11:01:20'),
(74, 'viceroy2.jpg', '2020-03-11 11:01:20', '2020-03-11 11:01:20'),
(75, 'vodka.jpg', '2020-03-11 11:01:20', '2020-03-11 11:01:20'),
(76, 'white_cap2.jpg', '2020-03-11 11:01:20', '2020-03-11 11:01:20'),
(77, 'white_cap_lite.jpg', '2020-03-11 11:01:20', '2020-03-11 11:01:20'),
(78, 'williamlawson.jpg', '2020-03-11 11:01:20', '2020-03-11 11:01:20'),
(79, 'zappa_red.jpg', '2020-03-11 11:01:20', '2020-03-11 11:01:20'),
(80, 'zappa_white.jpg', '2020-03-11 11:01:20', '2020-03-11 11:01:20'),
(81, 'no_image.jpg', '2020-03-11 11:01:20', '2020-03-11 11:01:20'),
(82, 'RuthWamuyu.JPG', '2020-03-11 11:55:59', '2020-03-11 11:55:59'),
(83, 'FullStaff.JPG', '2020-03-11 11:56:00', '2020-03-11 11:56:00'),
(84, 'EmilyKathambi.JPG', '2020-03-11 11:56:00', '2020-03-11 11:56:00'),
(85, 'JosephNgware.JPG', '2020-03-11 11:56:00', '2020-03-11 11:56:00'),
(86, 'NaomiWarigia.JPG', '2020-03-11 11:56:00', '2020-03-11 11:56:00'),
(87, 'MargaretWambui.JPG', '2020-03-11 11:56:00', '2020-03-11 11:56:00'),
(88, 'EstherKemunto.JPG', '2020-03-11 11:56:00', '2020-03-11 11:56:00'),
(89, 'WilliamMwangi.JPG', '2020-03-11 11:56:00', '2020-03-11 11:56:00'),
(90, 'SilviaAkoth.JPG', '2020-03-11 11:56:01', '2020-03-11 11:56:01');

-- --------------------------------------------------------

--
-- Table structure for table `layout`
--

CREATE TABLE `layout` (
  `layout` int(11) NOT NULL,
  `table_name` varchar(50) NOT NULL,
  `station` int(11) NOT NULL,
  `created_at` timestamp NOT NULL DEFAULT current_timestamp(),
  `updated_at` timestamp NOT NULL DEFAULT current_timestamp() ON UPDATE current_timestamp()
) ENGINE=InnoDB DEFAULT CHARSET=latin1;

--
-- Dumping data for table `layout`
--

INSERT INTO `layout` (`layout`, `table_name`, `station`, `created_at`, `updated_at`) VALUES
(1, 'M1', 1, '2020-03-11 11:43:45', '2020-03-11 11:43:45'),
(2, 'M2', 1, '2020-03-11 11:43:45', '2020-03-11 11:43:45'),
(3, 'M3', 1, '2020-03-11 11:43:45', '2020-03-11 11:43:45'),
(4, 'M4', 1, '2020-03-11 11:43:45', '2020-03-11 11:43:45'),
(5, 'M5', 1, '2020-03-11 11:43:45', '2020-03-11 11:43:45'),
(6, 'M1', 2, '2020-03-11 11:44:04', '2020-03-11 11:44:04'),
(7, 'M2', 2, '2020-03-11 11:44:04', '2020-03-11 11:44:04'),
(8, 'M3', 2, '2020-03-11 11:44:04', '2020-03-11 11:44:04'),
(9, 'M4', 2, '2020-03-11 11:44:04', '2020-03-11 11:44:04'),
(10, 'M5', 2, '2020-03-11 11:44:04', '2020-03-11 11:44:04');

-- --------------------------------------------------------

--
-- Table structure for table `owner`
--

CREATE TABLE `owner` (
  `owner` int(11) NOT NULL,
  `username` varchar(255) COLLATE utf8mb4_unicode_ci DEFAULT NULL,
  `created_at` timestamp NOT NULL DEFAULT current_timestamp(),
  `updated_at` timestamp NOT NULL DEFAULT current_timestamp() ON UPDATE current_timestamp()
) ENGINE=InnoDB DEFAULT CHARSET=utf8mb4 COLLATE=utf8mb4_unicode_ci;

--
-- Dumping data for table `owner`
--

INSERT INTO `owner` (`owner`, `username`, `created_at`, `updated_at`) VALUES
(5, 'Ken Kimani', '2020-03-11 11:33:03', '2020-03-11 11:33:03');

-- --------------------------------------------------------

--
-- Table structure for table `product`
--

CREATE TABLE `product` (
  `product` int(11) NOT NULL,
  `name` varchar(255) COLLATE utf8mb4_unicode_ci NOT NULL,
  `barcode` varchar(255) COLLATE utf8mb4_unicode_ci DEFAULT 'no_barcode',
  `image` int(11) DEFAULT NULL,
  `created_at` timestamp NOT NULL DEFAULT current_timestamp(),
  `updated_at` timestamp NOT NULL DEFAULT current_timestamp() ON UPDATE current_timestamp(),
  `category` int(50) DEFAULT NULL
) ENGINE=InnoDB DEFAULT CHARSET=utf8mb4 COLLATE=utf8mb4_unicode_ci;

--
-- Dumping data for table `product`
--

INSERT INTO `product` (`product`, `name`, `barcode`, `image`, `created_at`, `updated_at`, `category`) VALUES
(392, 'Tusker Lager', '6161101600125', 71, '2020-03-11 11:33:03', '2020-03-12 15:25:08', 1),
(393, 'Tusker Malt', '6009603340555', 69, '2020-03-11 11:33:03', '2020-03-12 15:25:08', 1),
(394, 'Tusker Lite', '6161101602389', 70, '2020-03-11 11:33:03', '2020-03-12 15:25:08', 1),
(395, 'Tusker Cider', '6161101604246', 68, '2020-03-11 11:33:03', '2020-03-12 15:25:08', 1),
(396, 'Hunters Gold', '6001108055231', 31, '2020-03-11 11:33:03', '2020-03-12 15:25:08', 1),
(397, 'Tusker Can', '6161101601979', 67, '2020-03-11 11:33:03', '2020-03-12 15:25:08', 1),
(398, 'Pilsner', '6161101600026', 49, '2020-03-11 11:33:03', '2020-03-12 15:25:08', 1),
(399, 'White Cap', '6161101600095', 76, '2020-03-11 11:33:03', '2020-03-12 15:25:08', 1),
(400, 'White Cap Lite', '6161101600002', 77, '2020-03-11 11:33:03', '2020-03-12 15:25:09', 1),
(401, 'Guiness Kubwa', '6161101600101', 26, '2020-03-11 11:33:04', '2020-03-12 15:25:09', 1),
(402, 'Guiness Kubwa can', '6161101602372', 27, '2020-03-11 11:33:04', '2020-03-12 15:25:09', 1),
(403, 'Smirnoff ice black', '6161101600163', 60, '2020-03-11 11:33:04', '2020-03-12 15:01:45', 1),
(404, 'Smirnoff ice green', '6161101602426', 60, '2020-03-11 11:33:04', '2020-03-12 15:25:09', 1),
(405, 'Guarana', '6161101603324', 59, '2020-03-11 11:33:04', '2020-03-12 15:25:09', 1),
(406, 'Faxe', '5741000007624', 81, '2020-03-11 11:33:04', '2020-03-12 15:35:25', 1),
(407, 'Capt Morgan1/4', '6161101604550', 11, '2020-03-11 11:33:04', '2020-03-12 15:35:25', 2),
(408, 'Snapps', NULL, 81, '2020-03-11 11:33:04', '2020-03-12 15:35:25', 1),
(409, 'Summit Lager', '6161100240858', 64, '2020-03-11 11:33:04', '2020-03-12 15:35:25', 1),
(410, 'Balozi', '6161101603256', 3, '2020-03-11 11:33:04', '2020-03-12 15:35:25', 1),
(411, 'Heineken', '8712000900663', 28, '2020-03-11 11:33:04', '2020-03-12 15:35:25', 1),
(412, 'Tuborg', NULL, 66, '2020-03-11 11:33:04', '2020-03-12 15:35:25', 1),
(413, 'Red bull', '90162602', 52, '2020-03-11 11:33:05', '2020-03-12 15:35:25', 3),
(414, 'Alvaro', NULL, 1, '2020-03-11 11:33:05', '2020-03-12 15:35:25', 3),
(415, 'Delmonte', '02400015012', 16, '2020-03-11 11:33:05', '2020-03-12 15:35:25', 3),
(416, 'Soda', '90492112', 61, '2020-03-11 11:33:05', '2020-03-12 15:35:25', 3),
(417, 'Kingfisher', '6161100420021', 81, '2020-03-11 11:33:05', '2020-03-12 15:35:26', 1),
(418, 'Lime juice', '6008835000947', 81, '2020-03-11 11:33:05', '2020-03-12 15:35:26', 3),
(419, 'Keringet 1.5L', NULL, 41, '2020-03-11 11:33:05', '2020-03-12 15:35:26', 3),
(420, 'Keringet 1L', '6161104401835', 42, '2020-03-11 11:33:05', '2020-03-12 15:35:26', 3),
(421, 'keringet 1/2 L', '6161104401828', 42, '2020-03-11 11:33:05', '2020-03-12 15:35:26', 3),
(422, 'Remy', '3161420000166', 53, '2020-03-11 11:33:05', '2020-03-12 15:35:26', 2),
(423, 'Black label 1/2', NULL, 7, '2020-03-11 11:33:05', '2020-03-12 15:35:26', 2),
(424, 'Black label 3/4L', NULL, 7, '2020-03-11 11:33:05', '2020-03-12 15:35:26', 2),
(425, 'Black label 1L', '', 7, '2020-03-11 11:33:06', '2020-03-12 15:41:40', 2),
(426, 'Double black label', '5000267112077', 7, '2020-03-11 11:33:06', '2020-03-12 15:47:45', 2),
(427, 'Sourthern comfort 1IL', '1210000100504', 81, '2020-03-11 11:33:06', '2020-03-12 15:47:45', 2),
(428, 'Viceroy 1/4', '6001108016034', 74, '2020-03-11 11:33:06', '2020-03-12 15:47:45', 2),
(429, 'Viceroy 1/2', '6001496011772', 74, '2020-03-11 11:33:06', '2020-03-12 15:47:45', 2),
(430, 'Viceroy 3/4', '6001496011796', 74, '2020-03-11 11:33:06', '2020-03-12 15:47:45', 2),
(431, 'Vodka 1/4', '6161101602051', 75, '2020-03-11 11:33:06', '2020-03-12 15:47:45', 2),
(432, 'Vodka 1/2', '6161101600941', 75, '2020-03-11 11:33:06', '2020-03-12 15:47:45', 2),
(433, 'Vodka 3/4', NULL, 75, '2020-03-11 11:33:06', '2020-03-12 15:47:45', 2),
(434, 'Kenya cane 1/4', '6161101602211', 40, '2020-03-11 11:33:06', '2020-03-12 15:47:45', 2),
(435, 'Kenya cane 1/2', '5010103930840', 40, '2020-03-11 11:33:06', '2020-03-12 15:47:45', 2),
(436, 'Kenya cane 3/4', '5010103930833', 40, '2020-03-11 11:33:06', '2020-03-12 15:47:45', 2),
(437, 'Kibao 1/4', '6161100420823', 43, '2020-03-11 11:33:06', '2020-03-12 15:47:45', 2),
(438, 'Kibao 1/2', '6161100421387', 43, '2020-03-11 11:33:07', '2020-03-12 15:47:45', 2),
(439, 'Kibao 3/4', '6161100421370', 43, '2020-03-11 11:33:07', '2020-03-12 15:47:45', 2),
(440, 'Coke zero', '5449000131836', 61, '2020-03-11 11:33:07', '2020-03-12 15:47:45', 3),
(441, 'Hunters 1/4', '6161100420786', 81, '2020-03-11 11:33:07', '2020-03-12 15:47:45', 2),
(442, 'Hunters 1/2', '6161100421363', 81, '2020-03-11 11:33:07', '2020-03-12 15:47:45', 2),
(443, 'Hunters 3/4', '6161100421356', 81, '2020-03-11 11:33:07', '2020-03-12 15:47:45', 2),
(444, 'Grants 1/4', '5010327258003', 25, '2020-03-11 11:33:07', '2020-03-12 15:47:45', 2),
(445, 'Grants 1/2', '5010327207117', 25, '2020-03-11 11:33:07', '2020-03-12 15:47:45', 2),
(446, 'Grants 3/4', '5010327000046', 25, '2020-03-11 11:33:07', '2020-03-12 15:54:31', 2),
(447, 'Famous 1/2', '', 21, '2020-03-11 11:33:07', '2020-03-12 16:00:13', 2),
(448, 'Famous 1/4', NULL, 21, '2020-03-11 11:33:07', '2020-03-12 16:00:13', 2),
(449, 'Famous grouse3/4', '5010314750008', 21, '2020-03-11 11:33:07', '2020-03-12 16:00:13', 2),
(450, 'Famous grouse1ltr', '5010314101015', 21, '2020-03-11 11:33:07', '2020-03-12 16:00:13', 2),
(451, 'Single tons', '5000281050171', 58, '2020-03-11 11:33:08', '2020-03-12 16:00:13', 2),
(452, 'Camino 3/4', '7501012916127', 8, '2020-03-11 11:33:08', '2020-03-12 16:00:13', 6),
(453, 'Capt.Morgan 3/4', NULL, 11, '2020-03-11 11:33:08', '2020-03-12 16:00:13', 2),
(454, 'Corvoisier', NULL, 15, '2020-03-11 11:33:08', '2020-03-12 16:00:14', 2),
(455, 'Richot 1/4', '6161101602181', 55, '2020-03-11 11:33:08', '2020-03-12 16:00:14', 2),
(456, 'Richot 1/2', '5010103930871', 55, '2020-03-11 11:33:08', '2020-03-12 16:00:14', 2),
(457, 'Richot 3/4', '5010103930864', 55, '2020-03-11 11:33:08', '2020-03-12 16:00:14', 2),
(458, 'Gilbeys 1/4', '6161101602167', 22, '2020-03-11 11:33:08', '2020-03-12 16:00:14', 2),
(459, 'Gilbeys 1/2', '5010103930666', 22, '2020-03-11 11:33:08', '2020-03-12 16:00:14', 2),
(460, 'Gilbeys 3/4', '5010103930628', 22, '2020-03-11 11:33:08', '2020-03-12 16:00:14', 2),
(461, 'J&B 3/4', '5010103800303', 32, '2020-03-11 11:33:08', '2020-03-12 16:00:14', 2),
(462, 'Captain morgan gold 3/4', NULL, 11, '2020-03-11 11:33:08', '2020-03-12 16:00:14', 2),
(463, 'Martel 3/4', '3219820005042', 44, '2020-03-11 11:33:08', '2020-03-12 16:00:14', 2),
(464, 'VAT 69 3/4', '6161101601115', 73, '2020-03-11 11:33:08', '2020-03-12 16:00:14', 2),
(465, 'VAT 69 1/2', '', 73, '2020-03-11 11:33:09', '2020-03-12 16:00:14', 2),
(466, 'Passport', '08043240176', 47, '2020-03-11 11:33:09', '2020-03-12 16:00:14', 2),
(467, 'Johnnie walker 18yrs', '5000267167053', 36, '2020-03-11 11:33:09', '2020-03-12 16:02:51', 2),
(468, 'Best whisky', '6009675692422', 5, '2020-03-11 11:33:09', '2020-03-12 16:02:51', 2),
(469, 'Johnnie walker 1/4', NULL, 36, '2020-03-11 11:33:09', '2020-03-12 16:09:37', 2),
(470, 'Johnnie walker 1/2', NULL, 36, '2020-03-11 11:33:09', '2020-03-12 16:02:51', 2),
(471, 'Johnnie walker 3/4', '5000267024011', 36, '2020-03-11 11:33:09', '2020-03-12 16:02:51', 2),
(472, 'Johnnie walker 1lt', '5000267125046', 36, '2020-03-11 11:33:09', '2020-03-12 16:02:51', 2),
(473, 'Gordons', NULL, 24, '2020-03-11 11:33:09', '2020-03-12 16:02:51', 2),
(474, 'Pushkin 1/2', NULL, 51, '2020-03-11 11:33:09', '2020-03-12 16:02:51', 2),
(475, 'pushkin 1/4', '6161101602143', 51, '2020-03-11 11:33:09', '2020-03-12 16:09:38', 2),
(476, 'Pushkin 3/4', NULL, 51, '2020-03-11 11:33:10', '2020-03-12 16:02:51', 2),
(477, 'Popov 1/4', '6161101602174', 50, '2020-03-11 11:33:10', '2020-03-12 16:04:37', 2),
(478, 'Popov 3/4', '5010103236645', 50, '2020-03-11 11:33:10', '2020-03-12 16:04:37', 2),
(479, 'William lawsons 1/2', NULL, 78, '2020-03-11 11:33:10', '2020-03-12 16:04:37', 2),
(480, 'William lawsons 3/4', '5010752000611', 78, '2020-03-11 11:33:10', '2020-03-12 16:04:37', 2),
(481, 'Hennesy Vsop', '3245995960015', 29, '2020-03-11 11:33:10', '2020-03-12 16:04:37', 2),
(482, 'Hennesy 1 ltr', NULL, 29, '2020-03-11 11:33:10', '2020-03-12 16:04:37', 2),
(483, 'Hennesy 750 ml', '3245990969419', 29, '2020-03-11 11:33:10', '2020-03-12 16:04:37', 2),
(484, 'Nederburg', '6001108001436', 45, '2020-03-11 11:33:10', '2020-03-12 16:04:37', 2),
(485, 'Chivas 3/4', '08043240039', 13, '2020-03-11 11:33:10', '2020-03-12 16:04:37', 2),
(486, 'Chivas 1Ltr', '08043240043', 13, '2020-03-11 11:33:10', '2020-03-12 16:04:37', 2),
(487, 'Tia maria', '5012523233129', 65, '2020-03-11 11:33:10', '2020-03-12 16:07:04', 3),
(488, 'Remy martin', '3024482295126', 53, '2020-03-11 11:33:11', '2020-03-12 16:07:04', 2),
(489, 'Jack daniels 1/4', '08218409052', 33, '2020-03-11 11:33:11', '2020-03-12 16:07:04', 2),
(490, 'Jack daniels 1/2', '5099873089712', 33, '2020-03-11 11:33:11', '2020-03-12 16:07:04', 2),
(491, 'Jack daniels 3/4', '08218409047', 33, '2020-03-11 11:33:11', '2020-03-12 16:07:04', 2),
(492, 'Jameson 1Ltr', '5011007003227', 34, '2020-03-11 11:33:11', '2020-03-12 16:07:04', 2),
(493, 'Jameson 3/4', '5011007003029', 34, '2020-03-11 11:33:11', '2020-03-12 16:07:04', 2),
(494, 'Jameson 1/2', '5011007003654', 34, '2020-03-11 11:33:11', '2020-03-12 16:07:04', 2),
(495, 'County 1/4', NULL, 81, '2020-03-11 11:33:11', '2020-03-12 16:07:05', 2),
(496, 'County 1/2', '6161100421226', 81, '2020-03-11 11:33:11', '2020-03-12 16:07:05', 2),
(497, 'County 3/4', '6161100421219', 81, '2020-03-11 11:33:11', '2020-03-12 16:07:05', 2),
(498, 'Glenfidich 18 yrs', '5010327325132', 23, '2020-03-11 11:33:11', '2020-03-12 16:07:05', 2),
(499, 'Glenfidich 15 yrs', '5010327325125', 23, '2020-03-11 11:33:11', '2020-03-12 16:07:05', 2),
(500, 'Glenfidich 12 yrs', '5010327000176', 23, '2020-03-11 11:33:12', '2020-03-12 16:07:05', 2),
(501, 'Glenfidich 1/2', NULL, 23, '2020-03-11 11:33:12', '2020-03-12 16:07:05', 2),
(502, 'Viceroy tots', NULL, 74, '2020-03-11 11:33:12', '2020-03-12 16:08:59', 6),
(503, 'Vodka tots', NULL, 75, '2020-03-11 11:33:12', '2020-03-12 16:08:59', 6),
(504, 'Johnnie walker tots', NULL, 36, '2020-03-11 11:33:12', '2020-03-12 16:08:59', 6),
(505, 'Famous grouse tots', NULL, 21, '2020-03-11 11:33:12', '2020-03-12 16:08:59', 6),
(506, 'Richot tots', NULL, 55, '2020-03-11 11:33:12', '2020-03-12 16:08:59', 6),
(507, 'Malibu tots', '5010284100001', 81, '2020-03-11 11:33:12', '2020-03-12 16:08:59', 6),
(508, 'Gold reserve', NULL, 81, '2020-03-11 11:33:12', '2020-03-12 16:08:59', 6),
(509, 'Jack daniels tots', NULL, 33, '2020-03-11 11:33:12', '2020-03-12 16:08:59', 6),
(510, 'Vat 69 tot', NULL, 73, '2020-03-11 11:33:12', '2020-03-12 16:08:59', 6),
(511, 'Camino tots', NULL, 8, '2020-03-11 11:33:12', '2020-03-12 16:08:59', 6),
(512, 'Sourthern comfort tots', NULL, 81, '2020-03-11 11:33:13', '2020-03-11 12:29:04', 2),
(513, 'Black & White 1/2', '50196166', 81, '2020-03-11 11:33:13', '2020-03-11 12:29:04', 2),
(514, 'Black & White 3/4', '5000196004665', 81, '2020-03-11 11:33:13', '2020-03-11 12:29:04', 2),
(515, 'Black label tots', NULL, 7, '2020-03-11 11:33:13', '2020-03-11 12:29:05', 6),
(516, 'Jameson tots', NULL, 34, '2020-03-11 11:33:13', '2020-03-11 12:29:05', 6),
(517, 'Gilbeys tots', NULL, 22, '2020-03-11 11:33:13', '2020-03-11 12:29:05', 6),
(518, 'Dry wine', NULL, 18, '2020-03-11 11:33:13', '2020-03-11 12:29:05', 2),
(519, 'Valley wine', NULL, 72, '2020-03-11 11:33:13', '2020-03-11 12:29:05', 2),
(520, 'Amarula 1/2', '6001495062478', 2, '2020-03-11 11:33:13', '2020-03-11 12:29:05', 2),
(521, 'Amarula 3/4', '6001495062508', 2, '2020-03-11 11:33:13', '2020-03-11 12:29:05', 2),
(522, 'Amarula tots', NULL, 2, '2020-03-11 11:33:13', '2020-03-11 12:29:05', 6),
(523, 'Jegermister tots', '4067700011015', 35, '2020-03-11 11:33:14', '2020-03-11 12:29:05', 6),
(524, 'Cellar bottles', '6001496301705', 81, '2020-03-11 11:33:14', '2020-03-11 12:29:05', 2),
(525, 'Cellar whites', '6001496301743', 81, '2020-03-11 11:33:14', '2020-03-11 12:29:05', 2),
(526, 'Cellar red', '6001496301842', 81, '2020-03-11 11:33:14', '2020-03-11 12:29:05', 2),
(527, 'Caprice', NULL, 10, '2020-03-11 11:33:14', '2020-03-11 12:29:05', 2),
(528, 'Penasol', '8410702015271', 48, '2020-03-11 11:33:14', '2020-03-11 12:29:05', 2),
(529, 'Penasol bottle', NULL, 48, '2020-03-11 11:33:14', '2020-03-11 12:29:05', 2),
(530, 'Zappa red tots', '6001812500034', 79, '2020-03-11 11:33:14', '2020-03-11 12:29:05', 6),
(531, 'Zappa white tots', NULL, 80, '2020-03-11 11:33:14', '2020-03-11 12:29:05', 6),
(532, 'Zappa red 3/4', NULL, 79, '2020-03-11 11:33:14', '2020-03-11 19:49:30', 2),
(533, 'Zappa blue 3/4', NULL, 79, '2020-03-11 11:33:14', '2020-03-11 19:49:30', 2),
(534, 'Baron white', '8410310095139', 4, '2020-03-11 11:33:14', '2020-03-11 19:49:30', 2),
(535, 'Drosty hof', '6001495201600', 17, '2020-03-11 11:33:15', '2020-03-11 19:49:30', 2),
(536, 'Chamdor 3/4', NULL, 12, '2020-03-11 11:33:15', '2020-03-11 19:49:30', 2),
(537, 'Piston 1/4', NULL, 81, '2020-03-11 11:33:15', '2020-03-11 19:49:30', 2),
(538, 'St. Celine', NULL, 63, '2020-03-11 11:33:15', '2020-03-11 19:49:30', 2),
(539, 'K.W.V white', NULL, 39, '2020-03-11 11:33:15', '2020-03-11 19:49:30', 2),
(540, 'K.W.V red', '6002323300533', 38, '2020-03-11 11:33:15', '2020-03-11 19:49:30', 2),
(541, 'K.W.V brandy', '6002323801337', 37, '2020-03-11 11:33:15', '2020-03-11 19:49:30', 2),
(542, 'Alcon wine', NULL, 81, '2020-03-11 11:33:15', '2020-03-11 19:49:30', 2),
(543, 'Cape wine', '6009676514792', 9, '2020-03-11 11:33:15', '2020-03-11 19:49:31', 2),
(544, '4th street', '6001108059178', 81, '2020-03-11 11:33:15', '2020-03-11 19:49:31', 2),
(545, '4 cousins', NULL, 6, '2020-03-11 11:33:15', '2020-03-11 19:49:31', 2),
(546, 'Horizon wine', '6009676510497', 30, '2020-03-11 11:33:15', '2020-03-11 19:49:31', 2),
(547, 'Panadol', '6009611170274', 46, '2020-03-11 11:33:15', '2020-03-11 19:49:31', 7),
(548, 'Sportsman', '61600188', 62, '2020-03-11 11:33:16', '2020-03-11 19:49:31', 4),
(549, 'S.M', NULL, 56, '2020-03-11 11:33:16', '2020-03-11 19:49:31', 4),
(550, 'Embassy', '6008165007012', 20, '2020-03-11 11:33:16', '2020-03-11 19:49:31', 4),
(551, 'Dunhill', '6008165266853', 19, '2020-03-11 11:33:16', '2020-03-11 19:49:31', 4),
(552, 'Matchbox', '', 81, '2020-03-11 11:33:16', '2020-03-11 19:50:35', 7),
(553, 'Salama', NULL, 57, '2020-03-11 11:33:16', '2020-03-11 19:52:46', 7),
(554, 'Rough rider', NULL, 81, '2020-03-11 11:33:16', '2020-03-12 15:27:19', 7),
(555, 'Cards', NULL, 81, '2020-03-11 11:33:16', '2020-03-12 15:27:19', 5),
(556, 'Tusker Lite Can', '6161101602938', 70, '2020-03-11 11:33:16', '2020-03-12 15:27:19', 1),
(557, 'Black Label', '5000267014609', 7, '2020-03-11 11:33:16', '2020-03-12 15:27:19', 2),
(558, 'Bond 7 1/4', '6161101602143', 81, '2020-03-11 11:33:16', '2020-03-12 15:27:19', 2),
(559, 'Bond 7 1/2', '5010103930970', 81, '2020-03-11 11:33:16', '2020-03-12 15:27:19', 2),
(560, 'Johnny Walker Green', '5000267171999', 36, '2020-03-11 11:33:17', '2020-03-12 15:27:19', 2),
(561, 'Martell V.S.O.P 1lt', '3219820000184', 44, '2020-03-11 11:33:17', '2020-03-12 15:27:19', 2),
(562, 'Martell V.S.O.P 3/4', '3219820000207', 44, '2020-03-11 11:33:17', '2020-03-12 15:27:19', 2),
(563, 'Hennesy 1/4', '3245990319801', 29, '2020-03-11 11:33:17', '2020-03-12 15:27:19', 2),
(564, 'Hennesy 1/2', '3245990250302', 29, '2020-03-11 11:33:17', '2020-03-12 15:30:21', 2),
(565, 'Johnny Walker Red 3/4', '5000267014074', 36, '2020-03-11 11:33:17', '2020-03-12 15:30:21', 2),
(566, 'William lawsons 1/4', '5010752000420', 78, '2020-03-11 11:33:17', '2020-03-12 15:30:21', 2),
(567, 'Johnny Walker White 3/4', '5000267173115', 36, '2020-03-11 11:33:17', '2020-03-12 15:30:21', 2),
(568, 'Buffalo Trace 3/4', '08024400923', 81, '2020-03-11 11:33:18', '2020-03-12 15:30:21', 2),
(569, 'Buffalo Trace 1Lt', '08024400922', 81, '2020-03-11 11:33:18', '2020-03-12 15:30:21', 2),
(570, 'Black & White 1Lt', '50196081', 81, '2020-03-11 11:33:18', '2020-03-12 15:30:21', 2),
(571, 'Cellar White', '6001496301743', 81, '2020-03-11 11:33:18', '2020-03-12 15:30:21', 2),
(572, 'Caprice White 1Lt', '6161100421288', 10, '2020-03-11 11:33:18', '2020-03-12 15:30:21', 2),
(573, 'Caprice Red 1Lt', '6161100421271', 10, '2020-03-11 11:33:18', '2020-03-12 15:30:21', 2),
(574, 'Drosty Hof 1/2', '6001495200146', 17, '2020-03-11 11:33:18', '2020-03-12 15:30:21', 2),
(575, 'Drosty Hof 3/4', '6001495201501', 17, '2020-03-11 11:33:18', '2020-03-12 15:30:21', 2),
(576, '4th Street 3/4', '6001108049582', 81, '2020-03-11 11:33:18', '2020-03-12 15:30:22', 2),
(577, '4th Street White', '6001108049599', 81, '2020-03-11 11:33:18', '2020-03-12 15:30:22', 2),
(578, '4 Cousins Red', '6002269000566', 6, '2020-03-11 11:33:18', '2020-03-12 15:30:22', 2),
(579, '4 Cousins White', '6002269000559', 6, '2020-03-11 11:33:18', '2020-03-12 15:30:22', 2),
(580, 'Deluxe', '8906005280695', 81, '2020-03-11 11:33:18', '2020-03-12 15:35:25', 2);

-- --------------------------------------------------------

--
-- Table structure for table `quantity`
--

CREATE TABLE `quantity` (
  `quantity` int(11) NOT NULL,
  `value` int(10) NOT NULL,
  `stocking` int(11) NOT NULL,
  `session` int(11) NOT NULL,
  `created_at` timestamp NOT NULL DEFAULT current_timestamp(),
  `updated_at` timestamp NOT NULL DEFAULT current_timestamp() ON UPDATE current_timestamp()
) ENGINE=InnoDB DEFAULT CHARSET=utf8mb4 COLLATE=utf8mb4_unicode_ci;

-- --------------------------------------------------------

--
-- Table structure for table `session`
--

CREATE TABLE `session` (
  `session` int(11) NOT NULL,
  `date` datetime NOT NULL COMMENT 'date of session',
  `direction` varchar(255) COLLATE utf8mb4_unicode_ci NOT NULL,
  `station` int(11) NOT NULL,
  `staff` int(11) NOT NULL,
  `created_at` timestamp NOT NULL DEFAULT current_timestamp(),
  `updated_at` timestamp NOT NULL DEFAULT current_timestamp() ON UPDATE current_timestamp()
) ENGINE=InnoDB DEFAULT CHARSET=utf8mb4 COLLATE=utf8mb4_unicode_ci;

-- --------------------------------------------------------

--
-- Table structure for table `staff`
--

CREATE TABLE `staff` (
  `staff` int(11) NOT NULL,
  `name` varchar(255) COLLATE utf8mb4_unicode_ci NOT NULL,
  `created_at` timestamp NOT NULL DEFAULT current_timestamp(),
  `updated_at` timestamp NOT NULL DEFAULT current_timestamp() ON UPDATE current_timestamp(),
  `username` varchar(20) COLLATE utf8mb4_unicode_ci DEFAULT NULL,
  `image` int(11) NOT NULL
) ENGINE=InnoDB DEFAULT CHARSET=utf8mb4 COLLATE=utf8mb4_unicode_ci;

--
-- Dumping data for table `staff`
--

INSERT INTO `staff` (`staff`, `name`, `created_at`, `updated_at`, `username`, `image`) VALUES
(11, 'Ruth Wamuyu', '2020-03-11 11:56:00', '2020-03-11 11:56:00', NULL, 82),
(12, 'Emily Kathambi', '2020-03-11 11:56:00', '2020-03-11 11:56:00', NULL, 84),
(13, 'Joseph Ngware', '2020-03-11 11:56:00', '2020-03-11 11:56:00', NULL, 85),
(14, 'Naomi Warigia', '2020-03-11 11:56:00', '2020-03-11 11:56:00', NULL, 86),
(15, 'Margaret Wambui', '2020-03-11 11:56:00', '2020-03-11 11:56:00', NULL, 87),
(16, 'Esther Kemunto', '2020-03-11 11:56:00', '2020-03-11 11:56:00', NULL, 88),
(17, 'William Mwangi', '2020-03-11 11:56:01', '2020-03-11 11:56:01', NULL, 89),
(18, 'Silvia Akoth', '2020-03-11 11:56:01', '2020-03-11 11:56:01', NULL, 90);

-- --------------------------------------------------------

--
-- Table structure for table `station`
--

CREATE TABLE `station` (
  `station` int(11) NOT NULL,
  `name` varchar(255) COLLATE utf8mb4_unicode_ci NOT NULL,
  `created_at` timestamp NOT NULL DEFAULT current_timestamp(),
  `updated_at` timestamp NOT NULL DEFAULT current_timestamp() ON UPDATE current_timestamp()
) ENGINE=InnoDB DEFAULT CHARSET=utf8mb4 COLLATE=utf8mb4_unicode_ci;

--
-- Dumping data for table `station`
--

INSERT INTO `station` (`station`, `name`, `created_at`, `updated_at`) VALUES
(1, 'COUNTER', '2020-03-03 12:29:12', '2020-03-03 12:29:12'),
(2, 'POOLSIDE', '2020-03-03 12:29:25', '2020-03-03 12:29:25'),
(3, 'STORE', '2020-03-03 12:29:35', '2020-03-03 12:29:35');

-- --------------------------------------------------------

--
-- Table structure for table `stocking`
--

CREATE TABLE `stocking` (
  `stocking` int(11) NOT NULL,
  `buy_price` int(10) DEFAULT NULL,
  `sell_price` int(10) DEFAULT NULL,
  `business` int(11) NOT NULL DEFAULT 1,
  `product` int(11) NOT NULL,
  `created_at` timestamp NOT NULL DEFAULT current_timestamp(),
  `updated_at` timestamp NOT NULL DEFAULT current_timestamp() ON UPDATE current_timestamp()
) ENGINE=InnoDB DEFAULT CHARSET=utf8mb4 COLLATE=utf8mb4_unicode_ci;

--
-- Dumping data for table `stocking`
--

INSERT INTO `stocking` (`stocking`, `buy_price`, `sell_price`, `business`, `product`, `created_at`, `updated_at`) VALUES
(381, 170, NULL, 6, 392, '2020-03-11 11:33:03', '2020-03-11 11:33:03'),
(382, 170, NULL, 6, 393, '2020-03-11 11:33:03', '2020-03-11 11:33:03'),
(383, 170, NULL, 6, 394, '2020-03-11 11:33:03', '2020-03-11 11:33:03'),
(384, 170, NULL, 6, 395, '2020-03-11 11:33:03', '2020-03-11 11:33:03'),
(385, 170, NULL, 6, 396, '2020-03-11 11:33:03', '2020-03-11 11:33:03'),
(386, 200, NULL, 6, 397, '2020-03-11 11:33:03', '2020-03-11 11:33:03'),
(387, 170, NULL, 6, 398, '2020-03-11 11:33:03', '2020-03-11 11:33:03'),
(388, 170, NULL, 6, 399, '2020-03-11 11:33:03', '2020-03-11 11:33:03'),
(389, 170, NULL, 6, 400, '2020-03-11 11:33:04', '2020-03-11 11:33:04'),
(390, 200, NULL, 6, 401, '2020-03-11 11:33:04', '2020-03-11 11:33:04'),
(391, 200, NULL, 6, 402, '2020-03-11 11:33:04', '2020-03-11 11:33:04'),
(392, 170, NULL, 6, 403, '2020-03-11 11:33:04', '2020-03-11 11:33:04'),
(393, 170, NULL, 6, 404, '2020-03-11 11:33:04', '2020-03-11 11:33:04'),
(394, 200, NULL, 6, 405, '2020-03-11 11:33:04', '2020-03-11 11:33:04'),
(395, 200, NULL, 6, 406, '2020-03-11 11:33:04', '2020-03-11 11:33:04'),
(396, 350, NULL, 6, 407, '2020-03-11 11:33:04', '2020-03-11 11:33:04'),
(397, 170, NULL, 6, 408, '2020-03-11 11:33:04', '2020-03-11 11:33:04'),
(398, 170, NULL, 6, 409, '2020-03-11 11:33:04', '2020-03-11 11:33:04'),
(399, 170, NULL, 6, 410, '2020-03-11 11:33:04', '2020-03-11 11:33:04'),
(400, 250, NULL, 6, 411, '2020-03-11 11:33:04', '2020-03-11 11:33:04'),
(401, 200, NULL, 6, 412, '2020-03-11 11:33:05', '2020-03-11 11:33:05'),
(402, 200, NULL, 6, 413, '2020-03-11 11:33:05', '2020-03-11 11:33:05'),
(403, 80, NULL, 6, 414, '2020-03-11 11:33:05', '2020-03-11 11:33:05'),
(404, 250, NULL, 6, 415, '2020-03-11 11:33:05', '2020-03-11 11:33:05'),
(405, 50, NULL, 6, 416, '2020-03-11 11:33:05', '2020-03-11 11:33:05'),
(406, 200, NULL, 6, 417, '2020-03-11 11:33:05', '2020-03-11 11:33:05'),
(407, 20, NULL, 6, 418, '2020-03-11 11:33:05', '2020-03-11 11:33:05'),
(408, 150, NULL, 6, 419, '2020-03-11 11:33:05', '2020-03-11 11:33:05'),
(409, 100, NULL, 6, 420, '2020-03-11 11:33:05', '2020-03-11 11:33:05'),
(410, 50, NULL, 6, 421, '2020-03-11 11:33:05', '2020-03-11 11:33:05'),
(411, 2500, NULL, 6, 422, '2020-03-11 11:33:05', '2020-03-11 11:33:05'),
(412, 2000, NULL, 6, 423, '2020-03-11 11:33:05', '2020-03-11 11:33:05'),
(413, 4000, NULL, 6, 424, '2020-03-11 11:33:05', '2020-03-11 11:33:05'),
(414, 5000, NULL, 6, 425, '2020-03-11 11:33:06', '2020-03-11 11:33:06'),
(415, 7000, NULL, 6, 426, '2020-03-11 11:33:06', '2020-03-11 11:33:06'),
(416, 3000, NULL, 6, 427, '2020-03-11 11:33:06', '2020-03-11 11:33:06'),
(417, 500, NULL, 6, 428, '2020-03-11 11:33:06', '2020-03-11 11:33:06'),
(418, 700, NULL, 6, 429, '2020-03-11 11:33:06', '2020-03-11 11:33:06'),
(419, 1500, NULL, 6, 430, '2020-03-11 11:33:06', '2020-03-11 11:33:06'),
(420, 500, NULL, 6, 431, '2020-03-11 11:33:06', '2020-03-11 11:33:06'),
(421, 700, NULL, 6, 432, '2020-03-11 11:33:06', '2020-03-11 11:33:06'),
(422, 1500, NULL, 6, 433, '2020-03-11 11:33:06', '2020-03-11 11:33:06'),
(423, 250, NULL, 6, 434, '2020-03-11 11:33:06', '2020-03-11 11:33:06'),
(424, 400, NULL, 6, 435, '2020-03-11 11:33:06', '2020-03-11 11:33:06'),
(425, 700, NULL, 6, 436, '2020-03-11 11:33:06', '2020-03-11 11:33:06'),
(426, 250, NULL, 6, 437, '2020-03-11 11:33:07', '2020-03-11 11:33:07'),
(427, 400, NULL, 6, 438, '2020-03-11 11:33:07', '2020-03-11 11:33:07'),
(428, 700, NULL, 6, 439, '2020-03-11 11:33:07', '2020-03-11 11:33:07'),
(429, 100, NULL, 6, 440, '2020-03-11 11:33:07', '2020-03-11 11:33:07'),
(430, 300, NULL, 6, 441, '2020-03-11 11:33:07', '2020-03-11 11:33:07'),
(431, 500, NULL, 6, 442, '2020-03-11 11:33:07', '2020-03-11 11:33:07'),
(432, 800, NULL, 6, 443, '2020-03-11 11:33:07', '2020-03-11 11:33:07'),
(433, 500, NULL, 6, 444, '2020-03-11 11:33:07', '2020-03-11 11:33:07'),
(434, 1500, NULL, 6, 445, '2020-03-11 11:33:07', '2020-03-11 11:33:07'),
(435, 2500, NULL, 6, 446, '2020-03-11 11:33:07', '2020-03-11 11:33:07'),
(436, 1200, NULL, 6, 447, '2020-03-11 11:33:07', '2020-03-11 11:33:07'),
(437, 800, NULL, 6, 448, '2020-03-11 11:33:07', '2020-03-11 11:33:07'),
(438, 2000, NULL, 6, 449, '2020-03-11 11:33:07', '2020-03-11 11:33:07'),
(439, 2500, NULL, 6, 450, '2020-03-11 11:33:07', '2020-03-11 11:33:07'),
(440, 5000, NULL, 6, 451, '2020-03-11 11:33:08', '2020-03-11 11:33:08'),
(441, 2500, NULL, 6, 452, '2020-03-11 11:33:08', '2020-03-11 11:33:08'),
(442, 2500, NULL, 6, 453, '2020-03-11 11:33:08', '2020-03-11 11:33:08'),
(443, 8000, NULL, 6, 454, '2020-03-11 11:33:08', '2020-03-11 11:33:08'),
(444, 500, NULL, 6, 455, '2020-03-11 11:33:08', '2020-03-11 11:33:08'),
(445, 700, NULL, 6, 456, '2020-03-11 11:33:08', '2020-03-11 11:33:08'),
(446, 1500, NULL, 6, 457, '2020-03-11 11:33:08', '2020-03-11 11:33:08'),
(447, 500, NULL, 6, 458, '2020-03-11 11:33:08', '2020-03-11 11:33:08'),
(448, 700, NULL, 6, 459, '2020-03-11 11:33:08', '2020-03-11 11:33:08'),
(449, 1500, NULL, 6, 460, '2020-03-11 11:33:08', '2020-03-11 11:33:08'),
(450, 1800, NULL, 6, 461, '2020-03-11 11:33:08', '2020-03-11 11:33:08'),
(451, 1200, NULL, 6, 462, '2020-03-11 11:33:08', '2020-03-11 11:33:08'),
(452, 8000, NULL, 6, 463, '2020-03-11 11:33:08', '2020-03-11 11:33:08'),
(453, 1800, NULL, 6, 464, '2020-03-11 11:33:09', '2020-03-11 11:33:09'),
(454, 800, NULL, 6, 465, '2020-03-11 11:33:09', '2020-03-11 11:33:09'),
(455, 1000, NULL, 6, 466, '2020-03-11 11:33:09', '2020-03-11 11:33:09'),
(456, 8000, NULL, 6, 467, '2020-03-11 11:33:09', '2020-03-11 11:33:09'),
(457, 950, NULL, 6, 468, '2020-03-11 11:33:09', '2020-03-11 11:33:09'),
(458, 700, NULL, 6, 469, '2020-03-11 11:33:09', '2020-03-11 11:33:09'),
(459, 1500, NULL, 6, 470, '2020-03-11 11:33:09', '2020-03-11 11:33:09'),
(460, 2500, NULL, 6, 471, '2020-03-11 11:33:09', '2020-03-11 11:33:09'),
(461, 3000, NULL, 6, 472, '2020-03-11 11:33:09', '2020-03-11 11:33:09'),
(462, 2500, NULL, 6, 473, '2020-03-11 11:33:09', '2020-03-11 11:33:09'),
(463, 400, NULL, 6, 474, '2020-03-11 11:33:09', '2020-03-11 11:33:09'),
(464, 250, NULL, 6, 475, '2020-03-11 11:33:10', '2020-03-11 11:33:10'),
(465, 700, NULL, 6, 476, '2020-03-11 11:33:10', '2020-03-11 11:33:10'),
(466, 250, NULL, 6, 477, '2020-03-11 11:33:10', '2020-03-11 11:33:10'),
(467, 700, NULL, 6, 478, '2020-03-11 11:33:10', '2020-03-11 11:33:10'),
(468, 950, NULL, 6, 479, '2020-03-11 11:33:10', '2020-03-11 11:33:10'),
(469, 2000, NULL, 6, 480, '2020-03-11 11:33:10', '2020-03-11 11:33:10'),
(470, 8000, NULL, 6, 481, '2020-03-11 11:33:10', '2020-03-11 11:33:10'),
(471, 6000, NULL, 6, 482, '2020-03-11 11:33:10', '2020-03-11 11:33:10'),
(472, 5000, NULL, 6, 483, '2020-03-11 11:33:10', '2020-03-11 11:33:10'),
(473, 2000, NULL, 6, 484, '2020-03-11 11:33:10', '2020-03-11 11:33:10'),
(474, 3500, NULL, 6, 485, '2020-03-11 11:33:10', '2020-03-11 11:33:10'),
(475, 4000, NULL, 6, 486, '2020-03-11 11:33:10', '2020-03-11 11:33:10'),
(476, 2500, NULL, 6, 487, '2020-03-11 11:33:10', '2020-03-11 11:33:10'),
(477, 8000, NULL, 6, 488, '2020-03-11 11:33:11', '2020-03-11 11:33:11'),
(478, 800, NULL, 6, 489, '2020-03-11 11:33:11', '2020-03-11 11:33:11'),
(479, 2000, NULL, 6, 490, '2020-03-11 11:33:11', '2020-03-11 11:33:11'),
(480, 3500, NULL, 6, 491, '2020-03-11 11:33:11', '2020-03-11 11:33:11'),
(481, 3000, NULL, 6, 492, '2020-03-11 11:33:11', '2020-03-11 11:33:11'),
(482, 2500, NULL, 6, 493, '2020-03-11 11:33:11', '2020-03-11 11:33:11'),
(483, 1600, NULL, 6, 494, '2020-03-11 11:33:11', '2020-03-11 11:33:11'),
(484, 300, NULL, 6, 495, '2020-03-11 11:33:11', '2020-03-11 11:33:11'),
(485, 400, NULL, 6, 496, '2020-03-11 11:33:11', '2020-03-11 11:33:11'),
(486, 700, NULL, 6, 497, '2020-03-11 11:33:11', '2020-03-11 11:33:11'),
(487, 7000, NULL, 6, 498, '2020-03-11 11:33:11', '2020-03-11 11:33:11'),
(488, 6000, NULL, 6, 499, '2020-03-11 11:33:11', '2020-03-11 11:33:11'),
(489, 5000, NULL, 6, 500, '2020-03-11 11:33:12', '2020-03-11 11:33:12'),
(490, 3000, NULL, 6, 501, '2020-03-11 11:33:12', '2020-03-11 11:33:12'),
(491, 100, NULL, 6, 502, '2020-03-11 11:33:12', '2020-03-11 11:33:12'),
(492, 100, NULL, 6, 503, '2020-03-11 11:33:12', '2020-03-11 11:33:12'),
(493, 150, NULL, 6, 504, '2020-03-11 11:33:12', '2020-03-11 11:33:12'),
(494, 150, NULL, 6, 505, '2020-03-11 11:33:12', '2020-03-11 11:33:12'),
(495, 100, NULL, 6, 506, '2020-03-11 11:33:12', '2020-03-11 11:33:12'),
(496, 150, NULL, 6, 507, '2020-03-11 11:33:12', '2020-03-11 11:33:12'),
(497, 6000, NULL, 6, 508, '2020-03-11 11:33:12', '2020-03-11 11:33:12'),
(498, 200, NULL, 6, 509, '2020-03-11 11:33:12', '2020-03-11 11:33:12'),
(499, NULL, NULL, 6, 510, '2020-03-11 11:33:12', '2020-03-11 11:33:12'),
(500, 150, NULL, 6, 511, '2020-03-11 11:33:12', '2020-03-11 11:33:12'),
(501, 150, NULL, 6, 512, '2020-03-11 11:33:13', '2020-03-11 11:33:13'),
(502, 550, NULL, 6, 513, '2020-03-11 11:33:13', '2020-03-11 11:33:13'),
(503, 950, NULL, 6, 514, '2020-03-11 11:33:13', '2020-03-11 11:33:13'),
(504, 200, NULL, 6, 515, '2020-03-11 11:33:13', '2020-03-11 11:33:13'),
(505, 150, NULL, 6, 516, '2020-03-11 11:33:13', '2020-03-11 11:33:13'),
(506, 100, NULL, 6, 517, '2020-03-11 11:33:13', '2020-03-11 11:33:13'),
(507, 150, NULL, 6, 518, '2020-03-11 11:33:13', '2020-03-11 11:33:13'),
(508, 1500, NULL, 6, 519, '2020-03-11 11:33:13', '2020-03-11 11:33:13'),
(509, 1500, NULL, 6, 520, '2020-03-11 11:33:13', '2020-03-11 11:33:13'),
(510, 2500, NULL, 6, 521, '2020-03-11 11:33:13', '2020-03-11 11:33:13'),
(511, 100, NULL, 6, 522, '2020-03-11 11:33:14', '2020-03-11 11:33:14'),
(512, 150, NULL, 6, 523, '2020-03-11 11:33:14', '2020-03-11 11:33:14'),
(513, 1200, NULL, 6, 524, '2020-03-11 11:33:14', '2020-03-11 11:33:14'),
(514, 150, NULL, 6, 525, '2020-03-11 11:33:14', '2020-03-11 11:33:14'),
(515, 150, NULL, 6, 526, '2020-03-11 11:33:14', '2020-03-11 11:33:14'),
(516, 700, NULL, 6, 527, '2020-03-11 11:33:14', '2020-03-11 11:33:14'),
(517, 700, NULL, 6, 528, '2020-03-11 11:33:14', '2020-03-11 11:33:14'),
(518, 1500, NULL, 6, 529, '2020-03-11 11:33:14', '2020-03-11 11:33:14'),
(519, 100, NULL, 6, 530, '2020-03-11 11:33:14', '2020-03-11 11:33:14'),
(520, 100, NULL, 6, 531, '2020-03-11 11:33:14', '2020-03-11 11:33:14'),
(521, 2500, NULL, 6, 532, '2020-03-11 11:33:14', '2020-03-11 11:33:14'),
(522, 2500, NULL, 6, 533, '2020-03-11 11:33:14', '2020-03-11 11:33:14'),
(523, 1200, NULL, 6, 534, '2020-03-11 11:33:14', '2020-03-11 11:33:14'),
(524, NULL, NULL, 6, 535, '2020-03-11 11:33:15', '2020-03-11 11:33:15'),
(525, 2000, NULL, 6, 536, '2020-03-11 11:33:15', '2020-03-11 11:33:15'),
(526, 200, NULL, 6, 537, '2020-03-11 11:33:15', '2020-03-11 11:33:15'),
(527, 1200, NULL, 6, 538, '2020-03-11 11:33:15', '2020-03-11 11:33:15'),
(528, 1800, NULL, 6, 539, '2020-03-11 11:33:15', '2020-03-11 11:33:15'),
(529, 1800, NULL, 6, 540, '2020-03-11 11:33:15', '2020-03-11 11:33:15'),
(530, 2500, NULL, 6, 541, '2020-03-11 11:33:15', '2020-03-11 11:33:15'),
(531, 1500, NULL, 6, 542, '2020-03-11 11:33:15', '2020-03-11 11:33:15'),
(532, 1200, NULL, 6, 543, '2020-03-11 11:33:15', '2020-03-11 11:33:15'),
(533, 1200, NULL, 6, 544, '2020-03-11 11:33:15', '2020-03-11 11:33:15'),
(534, 1200, NULL, 6, 545, '2020-03-11 11:33:15', '2020-03-11 11:33:15'),
(535, 1200, NULL, 6, 546, '2020-03-11 11:33:15', '2020-03-11 11:33:15'),
(536, 10, NULL, 6, 547, '2020-03-11 11:33:15', '2020-03-11 11:33:15'),
(537, 7, NULL, 6, 548, '2020-03-11 11:33:16', '2020-03-11 11:33:16'),
(538, 7, NULL, 6, 549, '2020-03-11 11:33:16', '2020-03-11 11:33:16'),
(539, 10, NULL, 6, 550, '2020-03-11 11:33:16', '2020-03-11 11:33:16'),
(540, 15, NULL, 6, 551, '2020-03-11 11:33:16', '2020-03-11 11:33:16'),
(541, 5, NULL, 6, 552, '2020-03-11 11:33:16', '2020-03-11 11:33:16'),
(542, 100, NULL, 6, 553, '2020-03-11 11:33:16', '2020-03-11 11:33:16'),
(543, 150, NULL, 6, 554, '2020-03-11 11:33:16', '2020-03-11 11:33:16'),
(544, 50, NULL, 6, 555, '2020-03-11 11:33:16', '2020-03-11 11:33:16'),
(545, NULL, NULL, 6, 556, '2020-03-11 11:33:16', '2020-03-11 11:33:16'),
(546, NULL, NULL, 6, 557, '2020-03-11 11:33:16', '2020-03-11 11:33:16'),
(547, NULL, NULL, 6, 558, '2020-03-11 11:33:16', '2020-03-11 11:33:16'),
(548, NULL, NULL, 6, 559, '2020-03-11 11:33:16', '2020-03-11 11:33:16'),
(549, NULL, NULL, 6, 560, '2020-03-11 11:33:17', '2020-03-11 11:33:17'),
(550, NULL, NULL, 6, 561, '2020-03-11 11:33:17', '2020-03-11 11:33:17'),
(551, NULL, NULL, 6, 562, '2020-03-11 11:33:17', '2020-03-11 11:33:17'),
(552, NULL, NULL, 6, 563, '2020-03-11 11:33:17', '2020-03-11 11:33:17'),
(553, NULL, NULL, 6, 564, '2020-03-11 11:33:17', '2020-03-11 11:33:17'),
(554, NULL, NULL, 6, 565, '2020-03-11 11:33:17', '2020-03-11 11:33:17'),
(555, NULL, NULL, 6, 566, '2020-03-11 11:33:17', '2020-03-11 11:33:17'),
(556, NULL, NULL, 6, 567, '2020-03-11 11:33:18', '2020-03-11 11:33:18'),
(557, NULL, NULL, 6, 568, '2020-03-11 11:33:18', '2020-03-11 11:33:18'),
(558, NULL, NULL, 6, 569, '2020-03-11 11:33:18', '2020-03-11 11:33:18'),
(559, 1500, NULL, 6, 570, '2020-03-11 11:33:18', '2020-03-11 11:33:18'),
(560, NULL, NULL, 6, 571, '2020-03-11 11:33:18', '2020-03-11 11:33:18'),
(561, NULL, NULL, 6, 572, '2020-03-11 11:33:18', '2020-03-11 11:33:18'),
(562, NULL, NULL, 6, 573, '2020-03-11 11:33:18', '2020-03-11 11:33:18'),
(563, NULL, NULL, 6, 574, '2020-03-11 11:33:18', '2020-03-11 11:33:18'),
(564, NULL, NULL, 6, 575, '2020-03-11 11:33:18', '2020-03-11 11:33:18'),
(565, NULL, NULL, 6, 576, '2020-03-11 11:33:18', '2020-03-11 11:33:18'),
(566, NULL, NULL, 6, 577, '2020-03-11 11:33:18', '2020-03-11 11:33:18'),
(567, NULL, NULL, 6, 578, '2020-03-11 11:33:18', '2020-03-11 11:33:18'),
(568, NULL, NULL, 6, 579, '2020-03-11 11:33:18', '2020-03-11 11:33:18'),
(569, NULL, NULL, 6, 580, '2020-03-11 11:33:18', '2020-03-11 11:33:18');

--
-- Indexes for dumped tables
--

--
-- Indexes for table `auth`
--
ALTER TABLE `auth`
  ADD PRIMARY KEY (`auth`),
  ADD UNIQUE KEY `id` (`level`,`staff`),
  ADD KEY `staff` (`staff`);

--
-- Indexes for table `business`
--
ALTER TABLE `business`
  ADD PRIMARY KEY (`business`),
  ADD UNIQUE KEY `id1` (`name`),
  ADD KEY `owner` (`owner`),
  ADD KEY `image` (`image`);

--
-- Indexes for table `category`
--
ALTER TABLE `category`
  ADD PRIMARY KEY (`category`),
  ADD UNIQUE KEY `id` (`name`);

--
-- Indexes for table `image`
--
ALTER TABLE `image`
  ADD PRIMARY KEY (`image`),
  ADD UNIQUE KEY `id` (`name`);

--
-- Indexes for table `layout`
--
ALTER TABLE `layout`
  ADD PRIMARY KEY (`layout`),
  ADD UNIQUE KEY `id` (`table_name`,`station`),
  ADD KEY `station` (`station`);

--
-- Indexes for table `owner`
--
ALTER TABLE `owner`
  ADD PRIMARY KEY (`owner`),
  ADD UNIQUE KEY `id2` (`username`);

--
-- Indexes for table `product`
--
ALTER TABLE `product`
  ADD PRIMARY KEY (`product`),
  ADD UNIQUE KEY `id3` (`name`) USING BTREE,
  ADD KEY `image` (`image`),
  ADD KEY `product_category` (`category`);

--
-- Indexes for table `quantity`
--
ALTER TABLE `quantity`
  ADD PRIMARY KEY (`quantity`),
  ADD UNIQUE KEY `id4` (`stocking`,`session`),
  ADD KEY `session` (`session`);

--
-- Indexes for table `session`
--
ALTER TABLE `session`
  ADD PRIMARY KEY (`session`),
  ADD UNIQUE KEY `id5` (`date`,`direction`,`station`,`staff`),
  ADD KEY `station` (`station`),
  ADD KEY `staff` (`staff`);

--
-- Indexes for table `staff`
--
ALTER TABLE `staff`
  ADD PRIMARY KEY (`staff`),
  ADD UNIQUE KEY `id6` (`name`),
  ADD KEY `image` (`image`);

--
-- Indexes for table `station`
--
ALTER TABLE `station`
  ADD PRIMARY KEY (`station`),
  ADD UNIQUE KEY `id7` (`name`);

--
-- Indexes for table `stocking`
--
ALTER TABLE `stocking`
  ADD PRIMARY KEY (`stocking`),
  ADD UNIQUE KEY `id8` (`business`,`product`),
  ADD KEY `product` (`product`);

--
-- AUTO_INCREMENT for dumped tables
--

--
-- AUTO_INCREMENT for table `auth`
--
ALTER TABLE `auth`
  MODIFY `auth` int(11) NOT NULL AUTO_INCREMENT;

--
-- AUTO_INCREMENT for table `business`
--
ALTER TABLE `business`
  MODIFY `business` int(11) NOT NULL AUTO_INCREMENT, AUTO_INCREMENT=7;

--
-- AUTO_INCREMENT for table `category`
--
ALTER TABLE `category`
  MODIFY `category` int(11) NOT NULL AUTO_INCREMENT, AUTO_INCREMENT=8;

--
-- AUTO_INCREMENT for table `image`
--
ALTER TABLE `image`
  MODIFY `image` int(11) NOT NULL AUTO_INCREMENT, AUTO_INCREMENT=92;

--
-- AUTO_INCREMENT for table `layout`
--
ALTER TABLE `layout`
  MODIFY `layout` int(11) NOT NULL AUTO_INCREMENT, AUTO_INCREMENT=11;

--
-- AUTO_INCREMENT for table `owner`
--
ALTER TABLE `owner`
  MODIFY `owner` int(11) NOT NULL AUTO_INCREMENT, AUTO_INCREMENT=6;

--
-- AUTO_INCREMENT for table `product`
--
ALTER TABLE `product`
  MODIFY `product` int(11) NOT NULL AUTO_INCREMENT, AUTO_INCREMENT=581;

--
-- AUTO_INCREMENT for table `quantity`
--
ALTER TABLE `quantity`
  MODIFY `quantity` int(11) NOT NULL AUTO_INCREMENT, AUTO_INCREMENT=10;

--
-- AUTO_INCREMENT for table `session`
--
ALTER TABLE `session`
  MODIFY `session` int(11) NOT NULL AUTO_INCREMENT, AUTO_INCREMENT=12;

--
-- AUTO_INCREMENT for table `staff`
--
ALTER TABLE `staff`
  MODIFY `staff` int(11) NOT NULL AUTO_INCREMENT, AUTO_INCREMENT=19;

--
-- AUTO_INCREMENT for table `station`
--
ALTER TABLE `station`
  MODIFY `station` int(11) NOT NULL AUTO_INCREMENT, AUTO_INCREMENT=4;

--
-- AUTO_INCREMENT for table `stocking`
--
ALTER TABLE `stocking`
  MODIFY `stocking` int(11) NOT NULL AUTO_INCREMENT, AUTO_INCREMENT=570;

--
-- Constraints for dumped tables
--

--
-- Constraints for table `auth`
--
ALTER TABLE `auth`
  ADD CONSTRAINT `auth_ibfk_1` FOREIGN KEY (`staff`) REFERENCES `staff` (`staff`);

--
-- Constraints for table `business`
--
ALTER TABLE `business`
  ADD CONSTRAINT `business_ibfk_1` FOREIGN KEY (`owner`) REFERENCES `owner` (`owner`) ON DELETE CASCADE ON UPDATE CASCADE,
  ADD CONSTRAINT `business_ibfk_2` FOREIGN KEY (`image`) REFERENCES `image` (`image`);

--
-- Constraints for table `layout`
--
ALTER TABLE `layout`
  ADD CONSTRAINT `layout_ibfk_1` FOREIGN KEY (`station`) REFERENCES `station` (`station`);

--
-- Constraints for table `product`
--
ALTER TABLE `product`
  ADD CONSTRAINT `product_ibfk_1` FOREIGN KEY (`image`) REFERENCES `image` (`image`),
  ADD CONSTRAINT `product_ibfk_2` FOREIGN KEY (`category`) REFERENCES `category` (`category`);

--
-- Constraints for table `quantity`
--
ALTER TABLE `quantity`
  ADD CONSTRAINT `quantity_ibfk_1` FOREIGN KEY (`stocking`) REFERENCES `stocking` (`stocking`) ON DELETE CASCADE ON UPDATE CASCADE,
  ADD CONSTRAINT `quantity_ibfk_2` FOREIGN KEY (`session`) REFERENCES `session` (`session`) ON DELETE CASCADE ON UPDATE CASCADE;

--
-- Constraints for table `session`
--
ALTER TABLE `session`
  ADD CONSTRAINT `session_ibfk_1` FOREIGN KEY (`station`) REFERENCES `station` (`station`) ON DELETE CASCADE ON UPDATE CASCADE,
  ADD CONSTRAINT `session_ibfk_2` FOREIGN KEY (`staff`) REFERENCES `staff` (`staff`) ON DELETE CASCADE ON UPDATE CASCADE;

--
-- Constraints for table `staff`
--
ALTER TABLE `staff`
  ADD CONSTRAINT `staff_ibfk_1` FOREIGN KEY (`image`) REFERENCES `image` (`image`);

--
-- Constraints for table `stocking`
--
ALTER TABLE `stocking`
  ADD CONSTRAINT `stocking_ibfk_1` FOREIGN KEY (`business`) REFERENCES `business` (`business`) ON DELETE CASCADE ON UPDATE CASCADE,
  ADD CONSTRAINT `stocking_ibfk_2` FOREIGN KEY (`product`) REFERENCES `product` (`product`) ON DELETE CASCADE ON UPDATE CASCADE;
COMMIT;

/*!40101 SET CHARACTER_SET_CLIENT=@OLD_CHARACTER_SET_CLIENT */;
/*!40101 SET CHARACTER_SET_RESULTS=@OLD_CHARACTER_SET_RESULTS */;
/*!40101 SET COLLATION_CONNECTION=@OLD_COLLATION_CONNECTION */;
